repository,pr_number,pr_state
tiiuae/mesh_com,499,closed
tiiuae/mesh_com,498,closed
tiiuae/mesh_com,497,closed
tiiuae/mesh_com,496,closed
tiiuae/mesh_com,495,closed
tiiuae/mesh_com,494,closed
tiiuae/mesh_com,493,closed
tiiuae/mesh_com,492,closed
tiiuae/mesh_com,491,closed
tiiuae/mesh_com,490,closed
tiiuae/mesh_com,489,closed
tiiuae/mesh_com,488,closed
tiiuae/mesh_com,487,closed
tiiuae/mesh_com,486,closed
tiiuae/mesh_com,485,closed
tiiuae/mesh_com,484,closed
tiiuae/mesh_com,483,closed
tiiuae/mesh_com,482,closed
tiiuae/mesh_com,481,closed
tiiuae/mesh_com,480,closed
tiiuae/mesh_com,479,closed
tiiuae/mesh_com,478,closed
tiiuae/mesh_com,477,closed
tiiuae/mesh_com,476,closed
tiiuae/mesh_com,475,closed
tiiuae/mesh_com,474,closed
tiiuae/mesh_com,473,closed
tiiuae/mesh_com,472,closed
tiiuae/mesh_com,471,closed
tiiuae/mesh_com,470,closed
tiiuae/mesh_com,469,closed
tiiuae/mesh_com,468,closed
tiiuae/mesh_com,467,closed
tiiuae/mesh_com,466,closed
tiiuae/mesh_com,465,closed
tiiuae/mesh_com,464,closed
tiiuae/mesh_com,463,closed
tiiuae/mesh_com,462,closed
tiiuae/mesh_com,461,closed
tiiuae/mesh_com,460,closed
tiiuae/mesh_com,459,closed
tiiuae/mesh_com,458,closed
tiiuae/mesh_com,457,closed
tiiuae/mesh_com,456,closed
tiiuae/mesh_com,455,closed
tiiuae/mesh_com,454,closed
tiiuae/mesh_com,453,closed
tiiuae/mesh_com,452,closed
tiiuae/mesh_com,451,closed
tiiuae/mesh_com,450,closed
tiiuae/mesh_com,449,closed
tiiuae/mesh_com,448,closed
tiiuae/mesh_com,447,closed
tiiuae/mesh_com,446,closed
tiiuae/mesh_com,445,closed
tiiuae/mesh_com,444,closed
tiiuae/mesh_com,443,closed
tiiuae/mesh_com,442,closed
tiiuae/mesh_com,441,closed
tiiuae/mesh_com,440,closed
tiiuae/mesh_com,439,closed
tiiuae/mesh_com,438,closed
tiiuae/mesh_com,437,closed
tiiuae/mesh_com,436,closed
tiiuae/mesh_com,435,closed
tiiuae/mesh_com,434,closed
tiiuae/mesh_com,433,closed
tiiuae/mesh_com,432,closed
tiiuae/mesh_com,431,closed
tiiuae/mesh_com,430,closed
tiiuae/mesh_com,429,closed
tiiuae/mesh_com,428,closed
tiiuae/mesh_com,427,closed
tiiuae/mesh_com,426,closed
tiiuae/mesh_com,425,closed
tiiuae/mesh_com,424,closed
tiiuae/mesh_com,423,closed
tiiuae/mesh_com,422,closed
tiiuae/mesh_com,421,closed
tiiuae/mesh_com,420,closed
tiiuae/mesh_com,419,closed
tiiuae/mesh_com,418,closed
tiiuae/mesh_com,417,closed
tiiuae/mesh_com,416,closed
tiiuae/mesh_com,415,closed
tiiuae/mesh_com,414,closed
tiiuae/mesh_com,413,closed
tiiuae/mesh_com,412,closed
tiiuae/mesh_com,411,closed
tiiuae/mesh_com,410,closed
tiiuae/mesh_com,409,closed
tiiuae/mesh_com,408,closed
tiiuae/mesh_com,407,closed
tiiuae/mesh_com,406,closed
tiiuae/mesh_com,405,closed
tiiuae/mesh_com,404,closed
tiiuae/mesh_com,403,closed
tiiuae/mesh_com,402,closed
tiiuae/mesh_com,401,closed
tiiuae/mesh_com,400,closed
tiiuae/mesh_com,399,closed
tiiuae/mesh_com,398,closed
tiiuae/mesh_com,397,closed
tiiuae/mesh_com,396,closed
tiiuae/mesh_com,395,closed
tiiuae/mesh_com,394,closed
tiiuae/mesh_com,393,closed
tiiuae/mesh_com,392,closed
tiiuae/mesh_com,391,closed
tiiuae/mesh_com,390,closed
tiiuae/mesh_com,389,closed
tiiuae/mesh_com,388,closed
tiiuae/mesh_com,387,closed
tiiuae/mesh_com,386,closed
tiiuae/mesh_com,385,closed
tiiuae/mesh_com,384,closed
tiiuae/mesh_com,383,closed
tiiuae/mesh_com,382,closed
tiiuae/mesh_com,381,closed
tiiuae/mesh_com,380,closed
tiiuae/mesh_com,379,closed
tiiuae/mesh_com,378,closed
tiiuae/mesh_com,377,closed
tiiuae/mesh_com,376,closed
tiiuae/mesh_com,375,closed
tiiuae/mesh_com,374,closed
tiiuae/mesh_com,373,closed
tiiuae/mesh_com,372,closed
tiiuae/mesh_com,371,closed
tiiuae/mesh_com,370,closed
tiiuae/mesh_com,369,closed
tiiuae/mesh_com,368,closed
tiiuae/mesh_com,367,closed
tiiuae/mesh_com,366,closed
tiiuae/mesh_com,365,closed
tiiuae/mesh_com,364,closed
tiiuae/mesh_com,363,closed
tiiuae/mesh_com,362,closed
tiiuae/mesh_com,361,closed
tiiuae/mesh_com,360,closed
tiiuae/mesh_com,359,closed
tiiuae/mesh_com,358,closed
tiiuae/mesh_com,357,closed
tiiuae/mesh_com,356,closed
tiiuae/mesh_com,353,closed
tiiuae/mesh_com,352,closed
tiiuae/mesh_com,351,closed
tiiuae/mesh_com,350,closed
tiiuae/mesh_com,349,closed
tiiuae/mesh_com,348,closed
tiiuae/mesh_com,347,closed
tiiuae/mesh_com,346,closed
tiiuae/mesh_com,345,closed
tiiuae/mesh_com,344,closed
tiiuae/mesh_com,343,closed
tiiuae/mesh_com,342,closed
tiiuae/mesh_com,341,closed
tiiuae/mesh_com,340,closed
tiiuae/mesh_com,339,closed
tiiuae/mesh_com,338,closed
tiiuae/mesh_com,337,closed
tiiuae/mesh_com,336,closed
tiiuae/mesh_com,335,closed
tiiuae/mesh_com,334,closed
tiiuae/mesh_com,333,closed
tiiuae/mesh_com,332,closed
tiiuae/mesh_com,331,closed
tiiuae/mesh_com,330,closed
tiiuae/mesh_com,329,closed
tiiuae/mesh_com,328,closed
tiiuae/mesh_com,327,closed
tiiuae/mesh_com,326,closed
tiiuae/mesh_com,325,closed
tiiuae/mesh_com,324,closed
tiiuae/mesh_com,323,closed
tiiuae/mesh_com,321,closed
tiiuae/mesh_com,320,closed
tiiuae/mesh_com,319,closed
tiiuae/mesh_com,318,closed
tiiuae/mesh_com,317,closed
tiiuae/mesh_com,316,closed
tiiuae/mesh_com,315,closed
tiiuae/mesh_com,314,closed
tiiuae/mesh_com,313,closed
tiiuae/mesh_com,312,closed
tiiuae/mesh_com,311,closed
tiiuae/mesh_com,310,closed
tiiuae/mesh_com,309,closed
tiiuae/mesh_com,308,closed
tiiuae/mesh_com,307,closed
tiiuae/mesh_com,306,closed
tiiuae/mesh_com,305,closed
tiiuae/mesh_com,304,closed
tiiuae/mesh_com,303,closed
tiiuae/mesh_com,302,closed
tiiuae/mesh_com,301,closed
tiiuae/mesh_com,300,closed
tiiuae/mesh_com,299,closed
tiiuae/mesh_com,298,closed
tiiuae/mesh_com,297,closed
tiiuae/mesh_com,296,closed
tiiuae/mesh_com,295,closed
tiiuae/mesh_com,294,closed
tiiuae/mesh_com,293,closed
tiiuae/mesh_com,292,closed
tiiuae/mesh_com,291,closed
tiiuae/mesh_com,290,closed
tiiuae/mesh_com,289,closed
tiiuae/mesh_com,288,closed
tiiuae/mesh_com,287,closed
tiiuae/mesh_com,286,closed
tiiuae/mesh_com,285,closed
tiiuae/mesh_com,284,closed
tiiuae/mesh_com,283,closed
tiiuae/mesh_com,282,closed
tiiuae/mesh_com,281,closed
tiiuae/mesh_com,280,closed
tiiuae/mesh_com,278,closed
tiiuae/mesh_com,276,closed
tiiuae/mesh_com,275,closed
tiiuae/mesh_com,273,closed
tiiuae/mesh_com,272,closed
tiiuae/mesh_com,271,closed
tiiuae/mesh_com,268,closed
tiiuae/mesh_com,267,closed
tiiuae/mesh_com,265,closed
tiiuae/mesh_com,264,closed
tiiuae/mesh_com,263,closed
tiiuae/mesh_com,262,closed
tiiuae/mesh_com,261,closed
tiiuae/mesh_com,260,closed
tiiuae/mesh_com,259,closed
tiiuae/mesh_com,258,closed
tiiuae/mesh_com,257,closed
tiiuae/mesh_com,256,closed
tiiuae/mesh_com,255,closed
tiiuae/mesh_com,254,closed
tiiuae/mesh_com,253,closed
tiiuae/mesh_com,252,closed
tiiuae/mesh_com,251,closed
tiiuae/mesh_com,250,closed
tiiuae/mesh_com,249,closed
tiiuae/mesh_com,248,closed
tiiuae/mesh_com,247,closed
tiiuae/mesh_com,246,closed
tiiuae/mesh_com,245,closed
tiiuae/mesh_com,244,closed
tiiuae/mesh_com,243,closed
tiiuae/mesh_com,242,closed
tiiuae/mesh_com,241,closed
tiiuae/mesh_com,240,closed
tiiuae/mesh_com,239,closed
tiiuae/mesh_com,238,closed
tiiuae/mesh_com,237,closed
tiiuae/mesh_com,236,closed
tiiuae/mesh_com,235,closed
tiiuae/mesh_com,234,closed
tiiuae/mesh_com,233,closed
tiiuae/mesh_com,232,closed
tiiuae/mesh_com,231,closed
tiiuae/mesh_com,230,closed
tiiuae/mesh_com,229,closed
tiiuae/mesh_com,228,closed
tiiuae/mesh_com,227,closed
tiiuae/mesh_com,226,closed
tiiuae/mesh_com,225,closed
tiiuae/mesh_com,224,closed
tiiuae/mesh_com,223,closed
tiiuae/mesh_com,222,closed
tiiuae/mesh_com,221,closed
tiiuae/mesh_com,220,closed
tiiuae/mesh_com,218,closed
tiiuae/mesh_com,217,closed
tiiuae/mesh_com,216,closed
tiiuae/mesh_com,215,closed
tiiuae/mesh_com,214,closed
tiiuae/mesh_com,213,closed
tiiuae/mesh_com,212,closed
tiiuae/mesh_com,211,closed
tiiuae/mesh_com,210,closed
tiiuae/mesh_com,209,closed
tiiuae/mesh_com,208,closed
tiiuae/mesh_com,207,closed
tiiuae/mesh_com,206,closed
tiiuae/mesh_com,205,closed
tiiuae/mesh_com,204,closed
tiiuae/mesh_com,203,closed
tiiuae/mesh_com,202,closed
tiiuae/mesh_com,201,closed
tiiuae/mesh_com,200,closed
tiiuae/mesh_com,199,closed
tiiuae/mesh_com,198,closed
tiiuae/mesh_com,197,closed
tiiuae/mesh_com,196,closed
tiiuae/mesh_com,195,closed
tiiuae/mesh_com,194,closed
tiiuae/mesh_com,193,closed
tiiuae/mesh_com,192,closed
tiiuae/mesh_com,191,closed
tiiuae/mesh_com,190,closed
tiiuae/mesh_com,189,closed
tiiuae/mesh_com,188,closed
tiiuae/mesh_com,187,closed
tiiuae/mesh_com,186,closed
tiiuae/mesh_com,185,closed
tiiuae/mesh_com,184,closed
tiiuae/mesh_com,183,closed
tiiuae/mesh_com,182,closed
tiiuae/mesh_com,181,closed
tiiuae/mesh_com,180,closed
tiiuae/mesh_com,179,closed
tiiuae/mesh_com,178,closed
tiiuae/mesh_com,177,closed
tiiuae/mesh_com,176,closed
tiiuae/mesh_com,175,closed
tiiuae/mesh_com,174,closed
tiiuae/mesh_com,173,closed
tiiuae/mesh_com,172,closed
tiiuae/mesh_com,171,closed
tiiuae/mesh_com,170,closed
tiiuae/mesh_com,169,closed
tiiuae/mesh_com,168,closed
tiiuae/mesh_com,167,closed
tiiuae/mesh_com,166,closed
tiiuae/mesh_com,165,closed
tiiuae/mesh_com,164,closed
tiiuae/mesh_com,163,closed
tiiuae/mesh_com,162,closed
tiiuae/mesh_com,161,closed
tiiuae/mesh_com,160,closed
tiiuae/mesh_com,159,closed
tiiuae/mesh_com,158,closed
tiiuae/mesh_com,157,closed
tiiuae/mesh_com,156,closed
tiiuae/mesh_com,155,closed
tiiuae/mesh_com,154,closed
tiiuae/mesh_com,152,closed
tiiuae/mesh_com,151,closed
tiiuae/mesh_com,150,closed
tiiuae/mesh_com,149,closed
tiiuae/mesh_com,148,closed
tiiuae/mesh_com,147,closed
tiiuae/mesh_com,146,closed
tiiuae/mesh_com,145,closed
tiiuae/mesh_com,144,closed
tiiuae/mesh_com,143,closed
tiiuae/mesh_com,142,closed
tiiuae/mesh_com,141,closed
tiiuae/mesh_com,140,closed
tiiuae/mesh_com,139,closed
tiiuae/mesh_com,138,closed
tiiuae/mesh_com,137,closed
tiiuae/mesh_com,136,closed
tiiuae/mesh_com,135,closed
tiiuae/mesh_com,134,closed
tiiuae/mesh_com,133,closed
tiiuae/mesh_com,132,closed
tiiuae/mesh_com,131,closed
tiiuae/mesh_com,130,closed
tiiuae/mesh_com,129,closed
tiiuae/mesh_com,128,closed
tiiuae/mesh_com,127,closed
tiiuae/mesh_com,126,closed
tiiuae/mesh_com,125,closed
tiiuae/mesh_com,123,closed
tiiuae/mesh_com,122,closed
tiiuae/mesh_com,121,closed
tiiuae/mesh_com,120,closed
tiiuae/mesh_com,119,closed
tiiuae/mesh_com,118,closed
tiiuae/mesh_com,117,closed
tiiuae/mesh_com,116,closed
tiiuae/mesh_com,115,closed
tiiuae/mesh_com,114,closed
tiiuae/mesh_com,113,closed
tiiuae/mesh_com,112,closed
tiiuae/mesh_com,111,closed
tiiuae/mesh_com,109,closed
tiiuae/mesh_com,108,closed
tiiuae/mesh_com,107,closed
tiiuae/mesh_com,106,closed
tiiuae/mesh_com,105,closed
tiiuae/mesh_com,104,closed
tiiuae/mesh_com,103,closed
tiiuae/mesh_com,102,closed
tiiuae/mesh_com,101,closed
tiiuae/mesh_com,100,closed
tiiuae/mesh_com,99,closed
tiiuae/mesh_com,98,closed
tiiuae/mesh_com,96,closed
tiiuae/mesh_com,95,closed
tiiuae/mesh_com,94,closed
tiiuae/mesh_com,93,closed
tiiuae/mesh_com,89,closed
tiiuae/mesh_com,88,closed
tiiuae/mesh_com,87,closed
tiiuae/mesh_com,86,closed
tiiuae/mesh_com,85,closed
tiiuae/mesh_com,84,closed
tiiuae/mesh_com,83,closed
tiiuae/mesh_com,82,closed
tiiuae/mesh_com,81,closed
tiiuae/mesh_com,80,closed
tiiuae/mesh_com,79,closed
tiiuae/mesh_com,78,closed
tiiuae/mesh_com,77,closed
tiiuae/mesh_com,76,closed
tiiuae/mesh_com,75,closed
tiiuae/mesh_com,74,closed
tiiuae/mesh_com,73,closed
tiiuae/mesh_com,71,closed
tiiuae/mesh_com,70,closed
tiiuae/mesh_com,69,closed
tiiuae/mesh_com,68,closed
tiiuae/mesh_com,67,closed
tiiuae/mesh_com,66,closed
tiiuae/mesh_com,65,closed
tiiuae/mesh_com,63,closed
tiiuae/mesh_com,62,closed
tiiuae/mesh_com,60,closed
tiiuae/mesh_com,59,closed
tiiuae/mesh_com,58,closed
tiiuae/mesh_com,57,closed
tiiuae/mesh_com,55,closed
tiiuae/mesh_com,53,closed
tiiuae/mesh_com,52,closed
tiiuae/mesh_com,50,closed
tiiuae/mesh_com,48,closed
tiiuae/mesh_com,47,closed
tiiuae/mesh_com,41,closed
tiiuae/mesh_com,40,closed
tiiuae/mesh_com,34,closed
tiiuae/mesh_com,33,closed
tiiuae/mesh_com,32,closed
tiiuae/mesh_com,31,closed
tiiuae/mesh_com,30,closed
tiiuae/mesh_com,29,closed
tiiuae/mesh_com,28,closed
tiiuae/mesh_com,27,closed
tiiuae/mesh_com,26,closed
tiiuae/mesh_com,25,closed
tiiuae/mesh_com,24,closed
tiiuae/mesh_com,23,closed
tiiuae/mesh_com,22,closed
tiiuae/mesh_com,21,closed
tiiuae/mesh_com,20,closed
tiiuae/mesh_com,18,closed
tiiuae/mesh_com,17,closed
tiiuae/mesh_com,16,closed
tiiuae/mesh_com,15,closed
tiiuae/mesh_com,14,closed
tiiuae/mesh_com,13,closed
tiiuae/mesh_com,9,closed
tiiuae/mesh_com,8,closed
tiiuae/mesh_com,7,closed
tiiuae/mesh_com,6,closed
tiiuae/mesh_com,5,closed
tiiuae/mesh_com,4,closed
tiiuae/mesh_com,3,closed
tiiuae/mesh_com,2,closed
tiiuae/mesh_com,1,closed
ros-navigation/nav2_minimal_turtlebot_simulation,35,closed
ros-navigation/nav2_minimal_turtlebot_simulation,34,closed
ros-navigation/nav2_minimal_turtlebot_simulation,33,closed
ros-navigation/nav2_minimal_turtlebot_simulation,32,closed
ros-navigation/nav2_minimal_turtlebot_simulation,31,closed
ros-navigation/nav2_minimal_turtlebot_simulation,30,closed
ros-navigation/nav2_minimal_turtlebot_simulation,29,closed
ros-navigation/nav2_minimal_turtlebot_simulation,28,closed
ros-navigation/nav2_minimal_turtlebot_simulation,27,closed
ros-navigation/nav2_minimal_turtlebot_simulation,25,closed
ros-navigation/nav2_minimal_turtlebot_simulation,22,closed
ros-navigation/nav2_minimal_turtlebot_simulation,21,closed
ros-navigation/nav2_minimal_turtlebot_simulation,20,closed
ros-navigation/nav2_minimal_turtlebot_simulation,17,closed
ros-navigation/nav2_minimal_turtlebot_simulation,16,closed
ros-navigation/nav2_minimal_turtlebot_simulation,15,closed
ros-navigation/nav2_minimal_turtlebot_simulation,14,closed
ros-navigation/nav2_minimal_turtlebot_simulation,13,closed
ros-navigation/nav2_minimal_turtlebot_simulation,12,closed
ros-navigation/nav2_minimal_turtlebot_simulation,11,closed
ros-navigation/nav2_minimal_turtlebot_simulation,10,closed
ros-navigation/nav2_minimal_turtlebot_simulation,9,closed
ros-navigation/nav2_minimal_turtlebot_simulation,8,closed
ros-navigation/nav2_minimal_turtlebot_simulation,7,closed
ros-navigation/nav2_minimal_turtlebot_simulation,5,closed
ros-navigation/nav2_minimal_turtlebot_simulation,1,closed
westonrobot/scout_ros2,14,open
westonrobot/scout_ros2,13,open
westonrobot/scout_ros2,12,closed
westonrobot/scout_ros2,11,closed
westonrobot/scout_ros2,9,closed
westonrobot/scout_ros2,8,closed
westonrobot/scout_ros2,7,closed
westonrobot/scout_ros2,6,closed
westonrobot/scout_ros2,5,closed
westonrobot/scout_ros2,3,closed
westonrobot/scout_ros2,1,closed
snktshrma/ardupilot_ros,4,closed
snktshrma/ardupilot_ros,2,closed
snktshrma/ardupilot_ros,1,closed
space-ros/simulation,39,closed
space-ros/simulation,37,closed
space-ros/simulation,34,open
space-ros/simulation,33,open
space-ros/simulation,32,open
space-ros/simulation,30,open
space-ros/simulation,29,closed
space-ros/simulation,27,closed
space-ros/simulation,25,open
space-ros/simulation,24,closed
space-ros/simulation,23,closed
space-ros/simulation,21,open
space-ros/simulation,20,open
space-ros/simulation,17,closed
space-ros/simulation,16,closed
space-ros/simulation,15,closed
space-ros/simulation,10,closed
space-ros/simulation,9,closed
space-ros/simulation,8,closed
space-ros/simulation,7,closed
space-ros/simulation,4,closed
space-ros/simulation,2,closed
space-ros/simulation,1,closed
pal-robotics/pmb2_robot,13,closed
pal-robotics/pmb2_robot,12,closed
pal-robotics/pmb2_robot,5,open
pal-robotics/pmb2_robot,2,closed
OxfordTechnicalSolutions/oxts_ros2_driver,29,open
OxfordTechnicalSolutions/oxts_ros2_driver,28,closed
OxfordTechnicalSolutions/oxts_ros2_driver,27,closed
OxfordTechnicalSolutions/oxts_ros2_driver,26,closed
OxfordTechnicalSolutions/oxts_ros2_driver,25,closed
OxfordTechnicalSolutions/oxts_ros2_driver,24,closed
OxfordTechnicalSolutions/oxts_ros2_driver,23,closed
OxfordTechnicalSolutions/oxts_ros2_driver,22,closed
OxfordTechnicalSolutions/oxts_ros2_driver,21,closed
OxfordTechnicalSolutions/oxts_ros2_driver,18,open
OxfordTechnicalSolutions/oxts_ros2_driver,17,open
OxfordTechnicalSolutions/oxts_ros2_driver,10,closed
OxfordTechnicalSolutions/oxts_ros2_driver,9,closed
OxfordTechnicalSolutions/oxts_ros2_driver,8,open
OxfordTechnicalSolutions/oxts_ros2_driver,5,closed
OxfordTechnicalSolutions/oxts_ros2_driver,4,closed
OxfordTechnicalSolutions/oxts_ros2_driver,3,closed
pla10/Shelfino_ROS2,8,closed
stereolabs/zed-ros2-interfaces,25,closed
stereolabs/zed-ros2-interfaces,24,closed
stereolabs/zed-ros2-interfaces,23,closed
stereolabs/zed-ros2-interfaces,22,closed
stereolabs/zed-ros2-interfaces,21,closed
stereolabs/zed-ros2-interfaces,19,closed
stereolabs/zed-ros2-interfaces,18,closed
stereolabs/zed-ros2-interfaces,17,closed
stereolabs/zed-ros2-interfaces,16,open
stereolabs/zed-ros2-interfaces,15,closed
stereolabs/zed-ros2-interfaces,12,open
stereolabs/zed-ros2-interfaces,11,closed
stereolabs/zed-ros2-interfaces,10,closed
stereolabs/zed-ros2-interfaces,9,closed
stereolabs/zed-ros2-interfaces,8,open
stereolabs/zed-ros2-interfaces,7,closed
stereolabs/zed-ros2-interfaces,6,closed
stereolabs/zed-ros2-interfaces,5,closed
stereolabs/zed-ros2-interfaces,4,closed
stereolabs/zed-ros2-interfaces,3,closed
stereolabs/zed-ros2-interfaces,1,closed
ouspg/SOP-Robot,76,open
ouspg/SOP-Robot,75,open
ouspg/SOP-Robot,74,open
ouspg/SOP-Robot,73,open
ouspg/SOP-Robot,72,open
ouspg/SOP-Robot,71,open
ouspg/SOP-Robot,70,open
ouspg/SOP-Robot,69,closed
ouspg/SOP-Robot,68,open
ouspg/SOP-Robot,67,open
ouspg/SOP-Robot,66,open
ouspg/SOP-Robot,65,open
ouspg/SOP-Robot,64,open
ouspg/SOP-Robot,63,open
ouspg/SOP-Robot,62,open
ouspg/SOP-Robot,61,open
ouspg/SOP-Robot,60,closed
ouspg/SOP-Robot,59,closed
ouspg/SOP-Robot,58,closed
ouspg/SOP-Robot,57,closed
ouspg/SOP-Robot,56,closed
ouspg/SOP-Robot,55,closed
ouspg/SOP-Robot,54,closed
ouspg/SOP-Robot,53,closed
ouspg/SOP-Robot,52,closed
ouspg/SOP-Robot,51,closed
ouspg/SOP-Robot,50,closed
ouspg/SOP-Robot,49,closed
ouspg/SOP-Robot,48,closed
ouspg/SOP-Robot,47,closed
ouspg/SOP-Robot,46,closed
ouspg/SOP-Robot,45,closed
ouspg/SOP-Robot,44,closed
ouspg/SOP-Robot,43,closed
ouspg/SOP-Robot,42,closed
ouspg/SOP-Robot,41,closed
ouspg/SOP-Robot,40,closed
ouspg/SOP-Robot,39,closed
ouspg/SOP-Robot,38,closed
ouspg/SOP-Robot,37,closed
ouspg/SOP-Robot,36,closed
ouspg/SOP-Robot,35,closed
ouspg/SOP-Robot,34,closed
ouspg/SOP-Robot,33,closed
ouspg/SOP-Robot,32,closed
ouspg/SOP-Robot,31,closed
ouspg/SOP-Robot,30,closed
ouspg/SOP-Robot,29,closed
ouspg/SOP-Robot,27,closed
ouspg/SOP-Robot,28,closed
ouspg/SOP-Robot,26,closed
ouspg/SOP-Robot,25,closed
ouspg/SOP-Robot,24,closed
ouspg/SOP-Robot,23,closed
ouspg/SOP-Robot,22,closed
ouspg/SOP-Robot,21,closed
ouspg/SOP-Robot,20,closed
ouspg/SOP-Robot,19,closed
ouspg/SOP-Robot,17,closed
ouspg/SOP-Robot,16,closed
ouspg/SOP-Robot,15,closed
ouspg/SOP-Robot,14,closed
ouspg/SOP-Robot,13,closed
ouspg/SOP-Robot,12,closed
ouspg/SOP-Robot,11,closed
ouspg/SOP-Robot,10,closed
ouspg/SOP-Robot,9,closed
ouspg/SOP-Robot,8,closed
ouspg/SOP-Robot,6,closed
ouspg/SOP-Robot,4,closed
ouspg/SOP-Robot,3,closed
ouspg/SOP-Robot,1,closed
